Source,Target,Shared cM,avgSegment,largestSegment,nrOfSegmentsLargestSegment,nrOfSegments,segments
A970098,AC6176045,23.5,23.5,23.5,1,1,23.5
A970098,EB1930440,17.6,17.6,17.6,1,1,17.6
A970098,HN1986411,17.8,17.8,17.8,1,1,17.8
A970098,PD3308203,26.9,26.9,26.9,1,1,26.9
A970098,PH6755422,15.6,15.6,15.6,1,1,15.6
A970098,PK5065395,40.8,20.4,23.3,2,2,17.5|23.3
A970098,QJ4266622,110.6,110.6,110.6,1,1,110.6
A970098,WE8364628,16.1,16.1,16.1,1,1,16.1
AA4660243,MQ2795950,14.8,14.8,14.8,1,1,14.8
AA4660243,PU7133292,13.7,13.7,13.7,1,1,13.7
AA4660243,SX8565439,17.1,17.1,17.1,1,1,17.1
AA4660243,XE5878886,20.5,20.5,20.5,1,1,20.5
AA4660243,ZC4664618,10.1,10.1,10.1,1,1,10.1
AC6176045,A970098,23.5,23.5,23.5,1,1,23.5
AC6176045,CA6917206,21.4,21.4,21.4,1,1,21.4
AC6176045,CM1719915,16.5,16.5,16.5,1,1,16.5
AC6176045,EB1930440,16.8,16.8,16.8,1,1,16.8
AC6176045,HN1986411,17.0,17.0,17.0,1,1,17.0
AC6176045,NJ5052929,31.2,15.6,23.9,2,2,7.3|23.9
AC6176045,NV6106047,20.2,20.2,20.2,1,1,20.2
AC6176045,PD3308203,15.1,15.1,15.1,1,1,15.1
AC6176045,PK5065395,36.4,18.2,24.0,2,2,12.4|24.0
AC6176045,QB6170951,11.9,11.9,11.9,1,1,11.9
AC6176045,QJ4266622,23.2,23.2,23.2,1,1,23.2
AE9361123,JQ2782482,10.7,10.7,10.7,1,1,10.7
AE9361123,KW3090986,9.6,9.6,9.6,1,1,9.6
AE9361123,PK5065395,7.4,7.4,7.4,1,1,7.4
AE9361123,QR7508457,7.9,7.9,7.9,1,1,7.9
AU5834294,H392952,30.4,30.4,30.4,1,1,30.4
AU5834294,LG1923139,9.8,9.8,9.8,1,1,9.8
BB9334183,PK5065395,9.6,9.6,9.6,1,1,9.6
BB9334183,RP1706725,9.7,9.7,9.7,1,1,9.7
BR5837285,DZ1119494,12.9,12.9,12.9,1,1,12.9
BT6127138,UH2837130,7.5,7.5,7.5,1,1,7.5
BW4687567,RE1864482,19.3,19.3,19.3,1,1,19.3
BW4687567,YX6435910,20.0,20.0,20.0,1,1,20.0
BY1974469,QR7913507,12.4,12.4,12.4,1,1,12.4
CA6917206,AC6176045,21.4,21.4,21.4,1,1,21.4
CA6917206,CM1719915,29.9,29.9,29.9,1,1,29.9
CA6917206,NJ5052929,34.5,34.5,34.5,1,1,34.5
CA6917206,XN5601537,10.7,10.7,10.7,1,1,10.7
CG3721408,PV9566252,38.4,38.4,38.4,1,1,38.4
CM1719915,AC6176045,16.5,16.5,16.5,1,1,16.5
CM1719915,CA6917206,29.9,29.9,29.9,1,1,29.9
CM1719915,NJ5052929,37.0,37.0,37.0,1,1,37.0
CM1719915,WE8364628,11.0,11.0,11.0,1,1,11.0
CM1719915,WQ2064597,21.0,10.5,12.7,2,2,8.3|12.7
CM1719915,XN5601537,18.4,18.4,18.4,1,1,18.4
CY8378554,NC3863023,7.2,7.2,7.2,1,1,7.2
DK5517113,JQ2782482,11.2,11.2,11.2,1,1,11.2
DK5517113,KE6302165,7.0,7.0,7.0,1,1,7.0
DK5517113,LA9792555,7.2,7.2,7.2,1,1,7.2
DK5517113,PK5065395,7.9,7.9,7.9,1,1,7.9
DK5517113,QR7508457,9.3,9.3,9.3,1,1,9.3
DK5517113,RP1706725,7.7,7.7,7.7,1,1,7.7
DN5895999,EA4739653,7.8,7.8,7.8,1,1,7.8
DN5895999,LG1923139,27.200000000000003,13.6,15.9,2,2,11.3|15.9
DN5895999,MY5835043,19.5,19.5,19.5,1,1,19.5
DR2514838,QZ5812990,7.3,7.3,7.3,1,1,7.3
DU6507303,H730482,15.2,15.2,15.2,1,1,15.2
DU6507303,KF3122913,18.3,18.3,18.3,1,1,18.3
DU6507303,WN7254098,18.6,18.6,18.6,1,1,18.6
DU9699094,FL1783917,7.1,7.1,7.1,1,1,7.1
DU9699094,HN2947011,16.0,16.0,16.0,1,1,16.0
DU9699094,NA9400154,7.1,7.1,7.1,1,1,7.1
DU9699094,TB3345585,9.9,9.9,9.9,1,1,9.9
DZ1119494,BR5837285,12.9,12.9,12.9,1,1,12.9
DZ3324070,JV1677743,25.700000000000003,12.9,17.1,2,2,8.6|17.1
DZ3324070,YS7723759,318.7,53.1,99.1,6,6,11.1|12.4|40.6|65.8|89.7|99.1
DZ3324070,ZJ6816447,13.8,13.8,13.8,1,1,13.8
EA4739653,DN5895999,7.8,7.8,7.8,1,1,7.8
EA4739653,QP7829736,7.1,7.1,7.1,1,1,7.1
EA4739653,RL1801955,7.6,7.6,7.6,1,1,7.6
EB1930440,A970098,17.6,17.6,17.6,1,1,17.6
EB1930440,AC6176045,16.8,16.8,16.8,1,1,16.8
EB1930440,HN1986411,14.2,14.2,14.2,1,1,14.2
EB1930440,PD3308203,11.3,11.3,11.3,1,1,11.3
EB1930440,PK5065395,14.8,14.8,14.8,1,1,14.8
EB1930440,QJ4266622,18.5,18.5,18.5,1,1,18.5
EF5507767,LZ6861110,8.0,8.0,8.0,1,1,8.0
ES6389290,MN9906269,7.3,7.3,7.3,1,1,7.3
ES6389290,QP3050350,7.3,7.3,7.3,1,1,7.3
ES9902591,EY1369812,8.5,8.5,8.5,1,1,8.5
ES9902591,NA9400154,8.5,8.5,8.5,1,1,8.5
EX7497238,LD1731768,7.5,7.5,7.5,1,1,7.5
EX7497238,QR7508457,8.5,8.5,8.5,1,1,8.5
EY1369812,ES9902591,8.5,8.5,8.5,1,1,8.5
FA3390892,WN7254098,10.0,10.0,10.0,1,1,10.0
FC9002928,PK5065395,8.9,8.9,8.9,1,1,8.9
FC9002928,QG3796212,9.6,9.6,9.6,1,1,9.6
FL1783917,DU9699094,7.1,7.1,7.1,1,1,7.1
FS6329961,QG3796212,8.7,8.7,8.7,1,1,8.7
GK4821153,KC7743089,9.0,9.0,9.0,1,1,9.0
GK4821153,RQ3004981,7.5,7.5,7.5,1,1,7.5
H009002,H392952,505.6,252.8,281.5,2,2,224.1|281.5
H009002,H558238,281.0,93.7,139.7,3,3,41.4|99.9|139.7
H084613,MZ4429732,114.7,114.7,114.7,1,1,114.7
H084613,UL6845100,13.0,13.0,13.0,1,1,13.0
H392952,AU5834294,30.4,30.4,30.4,1,1,30.4
H392952,H009002,505.6,252.8,281.5,2,2,224.1|281.5
H392952,H558238,298.2,59.6,156.5,5,5,14.2|26.7|31.0|69.8|156.5
H558238,H009002,281.0,93.7,139.7,3,3,41.4|99.9|139.7
H558238,H392952,298.2,59.6,156.5,5,5,14.2|26.7|31.0|69.8|156.5
H730482,DU6507303,15.2,15.2,15.2,1,1,15.2
H730482,KF3122913,14.3,14.3,14.3,1,1,14.3
H730482,UV1732707,25.1,25.1,25.1,1,1,25.1
H730482,WN7254098,14.3,14.3,14.3,1,1,14.3
H785506,YD1144341,31.799999999999997,10.6,16.3,3,3,7.4|8.1|16.3
HF1596273,QG5706844,7.5,7.5,7.5,1,1,7.5
HN1986411,A970098,17.8,17.8,17.8,1,1,17.8
HN1986411,AC6176045,17.0,17.0,17.0,1,1,17.0
HN1986411,EB1930440,14.2,14.2,14.2,1,1,14.2
HN1986411,PD3308203,22.9,22.9,22.9,1,1,22.9
HN1986411,PK5065395,26.5,13.3,17.1,2,2,9.4|17.1
HN1986411,QJ4266622,18.9,18.9,18.9,1,1,18.9
HN2947011,DU9699094,16.0,16.0,16.0,1,1,16.0
HN2947011,LG1923139,13.6,13.6,13.6,1,1,13.6
JC6951708,PJ3029485,24.0,24.0,24.0,1,1,24.0
JH062228C1,NC3863023,7.0,7.0,7.0,1,1,7.0
JQ2782482,AE9361123,10.7,10.7,10.7,1,1,10.7
JQ2782482,DK5517113,11.2,11.2,11.2,1,1,11.2
JQ2782482,PH6755422,8.5,8.5,8.5,1,1,8.5
JQ2782482,PK5065395,7.6,7.6,7.6,1,1,7.6
JQ2782482,QR7508457,8.5,8.5,8.5,1,1,8.5
JQ2782482,WE8364628,7.3,7.3,7.3,1,1,7.3
JV1677743,DZ3324070,25.700000000000003,12.9,17.1,2,2,8.6|17.1
JV1677743,YS7723759,16.6,16.6,16.6,1,1,16.6
JV1677743,ZJ6816447,13.9,13.9,13.9,1,1,13.9
KC7743089,GK4821153,9.0,9.0,9.0,1,1,9.0
KE6302165,DK5517113,7.0,7.0,7.0,1,1,7.0
KE6302165,RP1706725,7.2,7.2,7.2,1,1,7.2
KF3122913,DU6507303,18.3,18.3,18.3,1,1,18.3
KF3122913,H730482,14.3,14.3,14.3,1,1,14.3
KF3122913,WN7254098,174.6,58.2,111.1,3,3,18.2|45.3|111.1
KW3090986,AE9361123,9.6,9.6,9.6,1,1,9.6
KW3090986,WE8364628,7.4,7.4,7.4,1,1,7.4
LA9792555,DK5517113,7.2,7.2,7.2,1,1,7.2
LD1731768,EX7497238,7.5,7.5,7.5,1,1,7.5
LG1923139,AU5834294,9.8,9.8,9.8,1,1,9.8
LG1923139,DN5895999,27.200000000000003,13.6,15.9,2,2,11.3|15.9
LG1923139,HN2947011,13.6,13.6,13.6,1,1,13.6
LG1923139,MY5835043,8.9,8.9,8.9,1,1,8.9
LZ4175191,WY8597889,7.9,7.9,7.9,1,1,7.9
LZ6861110,EF5507767,8.0,8.0,8.0,1,1,8.0
MF2341783,YD1144341,9.2,9.2,9.2,1,1,9.2
MN8663692,RZ1110541,7.9,7.9,7.9,1,1,7.9
MN8663692,WQ2064597,9.2,9.2,9.2,1,1,9.2
MN9906269,ES6389290,7.3,7.3,7.3,1,1,7.3
MQ2795950,AA4660243,14.8,14.8,14.8,1,1,14.8
MQ2795950,PU7133292,8.6,8.6,8.6,1,1,8.6
MQ2795950,SX8565439,10.6,10.6,10.6,1,1,10.6
MQ2795950,XE5878886,13.1,13.1,13.1,1,1,13.1
MR3604503,MZ4429732,21.1,21.1,21.1,1,1,21.1
MR3604503,RX7198385,10.3,10.3,10.3,1,1,10.3
MR3604503,ZJ6816447,13.2,13.2,13.2,1,1,13.2
MY5835043,DN5895999,19.5,19.5,19.5,1,1,19.5
MY5835043,LG1923139,8.9,8.9,8.9,1,1,8.9
MZ4429732,H084613,114.7,114.7,114.7,1,1,114.7
MZ4429732,MR3604503,21.1,21.1,21.1,1,1,21.1
MZ4429732,RX7198385,9.8,9.8,9.8,1,1,9.8
MZ4429732,UL6845100,12.9,12.9,12.9,1,1,12.9
MZ4429732,ZJ6816447,19.0,19.0,19.0,1,1,19.0
NA9400154,DU9699094,7.1,7.1,7.1,1,1,7.1
NA9400154,ES9902591,8.5,8.5,8.5,1,1,8.5
NA9400154,NC3863023,8.7,8.7,8.7,1,1,8.7
NA9400154,TB3345585,8.8,8.8,8.8,1,1,8.8
NC3863023,CY8378554,7.2,7.2,7.2,1,1,7.2
NC3863023,JH062228C1,7.0,7.0,7.0,1,1,7.0
NC3863023,NA9400154,8.7,8.7,8.7,1,1,8.7
NC3863023,TB3345585,8.7,8.7,8.7,1,1,8.7
ND9953765,XM2252851,7.2,7.2,7.2,1,1,7.2
NJ5052929,AC6176045,31.2,15.6,23.9,2,2,7.3|23.9
NJ5052929,CA6917206,34.5,34.5,34.5,1,1,34.5
NJ5052929,CM1719915,37.0,37.0,37.0,1,1,37.0
NJ5052929,PN1916344,20.8,20.8,20.8,1,1,20.8
NJ5052929,WE8364628,11.4,11.4,11.4,1,1,11.4
NJ5052929,WQ2064597,45.1,15.0,19.1,3,3,12.6|13.4|19.1
NJ5052929,XN5601537,19.9,19.9,19.9,1,1,19.9
NV6106047,AC6176045,20.2,20.2,20.2,1,1,20.2
NV6106047,QB6170951,7.8,7.8,7.8,1,1,7.8
PD3308203,A970098,26.9,26.9,26.9,1,1,26.9
PD3308203,AC6176045,15.1,15.1,15.1,1,1,15.1
PD3308203,EB1930440,11.3,11.3,11.3,1,1,11.3
PD3308203,HN1986411,22.9,22.9,22.9,1,1,22.9
PD3308203,PK5065395,14.3,14.3,14.3,1,1,14.3
PD3308203,QJ4266622,27.5,27.5,27.5,1,1,27.5
PH6755422,A970098,15.6,15.6,15.6,1,1,15.6
PH6755422,JQ2782482,8.5,8.5,8.5,1,1,8.5
PH6755422,PJ3029485,10.1,10.1,10.1,1,1,10.1
PH6755422,PK5065395,22.0,22.0,22.0,1,1,22.0
PH6755422,QJ4266622,15.6,15.6,15.6,1,1,15.6
PH6755422,WE8364628,19.3,19.3,19.3,1,1,19.3
PJ3029485,JC6951708,24.0,24.0,24.0,1,1,24.0
PJ3029485,PH6755422,10.1,10.1,10.1,1,1,10.1
PJ3029485,PK5065395,9.4,9.4,9.4,1,1,9.4
PJ3029485,WE8364628,9.7,9.7,9.7,1,1,9.7
PK5065395,A970098,40.8,20.4,23.3,2,2,17.5|23.3
PK5065395,AC6176045,36.4,18.2,24.0,2,2,12.4|24.0
PK5065395,AE9361123,7.4,7.4,7.4,1,1,7.4
PK5065395,BB9334183,9.6,9.6,9.6,1,1,9.6
PK5065395,DK5517113,7.9,7.9,7.9,1,1,7.9
PK5065395,EB1930440,14.8,14.8,14.8,1,1,14.8
PK5065395,FC9002928,8.9,8.9,8.9,1,1,8.9
PK5065395,HN1986411,26.5,13.3,17.1,2,2,9.4|17.1
PK5065395,JQ2782482,7.6,7.6,7.6,1,1,7.6
PK5065395,PD3308203,14.3,14.3,14.3,1,1,14.3
PK5065395,PH6755422,22.0,22.0,22.0,1,1,22.0
PK5065395,PJ3029485,9.4,9.4,9.4,1,1,9.4
PK5065395,QJ4266622,40.2,20.1,22.8,2,2,17.4|22.8
PK5065395,RP1706725,7.4,7.4,7.4,1,1,7.4
PK5065395,WE8364628,24.0,24.0,24.0,1,1,24.0
PN1916344,NJ5052929,20.8,20.8,20.8,1,1,20.8
PN1916344,UH2837130,14.9,14.9,14.9,1,1,14.9
PN1916344,YN9747235,37.3,37.3,37.3,1,1,37.3
PQ2135061,WB1704516,7.5,7.5,7.5,1,1,7.5
PU7133292,AA4660243,13.7,13.7,13.7,1,1,13.7
PU7133292,MQ2795950,8.6,8.6,8.6,1,1,8.6
PU7133292,RV6991016,10.8,10.8,10.8,1,1,10.8
PU7133292,SX8565439,22.6,22.6,22.6,1,1,22.6
PU7133292,XE5878886,20.6,20.6,20.6,1,1,20.6
PU7133292,ZC4664618,14.5,14.5,14.5,1,1,14.5
PV9566252,CG3721408,38.4,38.4,38.4,1,1,38.4
QB6170951,AC6176045,11.9,11.9,11.9,1,1,11.9
QB6170951,NV6106047,7.8,7.8,7.8,1,1,7.8
QB6170951,UL6845100,8.9,8.9,8.9,1,1,8.9
QG3796212,FC9002928,9.6,9.6,9.6,1,1,9.6
QG3796212,FS6329961,8.7,8.7,8.7,1,1,8.7
QG5706844,HF1596273,7.5,7.5,7.5,1,1,7.5
QJ4266622,A970098,110.6,110.6,110.6,1,1,110.6
QJ4266622,AC6176045,23.2,23.2,23.2,1,1,23.2
QJ4266622,EB1930440,18.5,18.5,18.5,1,1,18.5
QJ4266622,HN1986411,18.9,18.9,18.9,1,1,18.9
QJ4266622,PD3308203,27.5,27.5,27.5,1,1,27.5
QJ4266622,PH6755422,15.6,15.6,15.6,1,1,15.6
QJ4266622,PK5065395,40.2,20.1,22.8,2,2,17.4|22.8
QJ4266622,WE8364628,16.1,16.1,16.1,1,1,16.1
QP3050350,ES6389290,7.3,7.3,7.3,1,1,7.3
QP7829736,EA4739653,7.1,7.1,7.1,1,1,7.1
QR7508457,AE9361123,7.9,7.9,7.9,1,1,7.9
QR7508457,DK5517113,9.3,9.3,9.3,1,1,9.3
QR7508457,EX7497238,8.5,8.5,8.5,1,1,8.5
QR7508457,JQ2782482,8.5,8.5,8.5,1,1,8.5
QR7508457,RP1706725,8.3,8.3,8.3,1,1,8.3
QR7913507,BY1974469,12.4,12.4,12.4,1,1,12.4
QZ5812990,DR2514838,7.3,7.3,7.3,1,1,7.3
RE1864482,BW4687567,19.3,19.3,19.3,1,1,19.3
RE1864482,YX6435910,40.2,40.2,40.2,1,1,40.2
RL1801955,EA4739653,7.6,7.6,7.6,1,1,7.6
RP1706725,BB9334183,9.7,9.7,9.7,1,1,9.7
RP1706725,DK5517113,7.7,7.7,7.7,1,1,7.7
RP1706725,KE6302165,7.2,7.2,7.2,1,1,7.2
RP1706725,PK5065395,7.4,7.4,7.4,1,1,7.4
RP1706725,QR7508457,8.3,8.3,8.3,1,1,8.3
RQ3004981,GK4821153,7.5,7.5,7.5,1,1,7.5
RQ3004981,ZC4664618,8.8,8.8,8.8,1,1,8.8
RR7647359,WQ2064597,8.9,8.9,8.9,1,1,8.9
RV6991016,PU7133292,10.8,10.8,10.8,1,1,10.8
RV6991016,SX8565439,29.4,29.4,29.4,1,1,29.4
RX7198385,MR3604503,10.3,10.3,10.3,1,1,10.3
RX7198385,MZ4429732,9.8,9.8,9.8,1,1,9.8
RX7198385,ZJ6816447,9.0,9.0,9.0,1,1,9.0
RZ1110541,MN8663692,7.9,7.9,7.9,1,1,7.9
SX8565439,AA4660243,17.1,17.1,17.1,1,1,17.1
SX8565439,MQ2795950,10.6,10.6,10.6,1,1,10.6
SX8565439,PU7133292,22.6,22.6,22.6,1,1,22.6
SX8565439,RV6991016,29.4,29.4,29.4,1,1,29.4
SX8565439,XE5878886,22.8,22.8,22.8,1,1,22.8
SX8565439,ZC4664618,14.2,14.2,14.2,1,1,14.2
TB3345585,DU9699094,9.9,9.9,9.9,1,1,9.9
TB3345585,NA9400154,8.8,8.8,8.8,1,1,8.8
TB3345585,NC3863023,8.7,8.7,8.7,1,1,8.7
UH2837130,BT6127138,7.5,7.5,7.5,1,1,7.5
UH2837130,PN1916344,14.9,14.9,14.9,1,1,14.9
UH2837130,YN9747235,15.0,15.0,15.0,1,1,15.0
UL6845100,H084613,13.0,13.0,13.0,1,1,13.0
UL6845100,MZ4429732,12.9,12.9,12.9,1,1,12.9
UL6845100,QB6170951,8.9,8.9,8.9,1,1,8.9
UV1732707,H730482,25.1,25.1,25.1,1,1,25.1
WB1704516,PQ2135061,7.5,7.5,7.5,1,1,7.5
WE8364628,A970098,16.1,16.1,16.1,1,1,16.1
WE8364628,CM1719915,11.0,11.0,11.0,1,1,11.0
WE8364628,JQ2782482,7.3,7.3,7.3,1,1,7.3
WE8364628,KW3090986,7.4,7.4,7.4,1,1,7.4
WE8364628,NJ5052929,11.4,11.4,11.4,1,1,11.4
WE8364628,PH6755422,19.3,19.3,19.3,1,1,19.3
WE8364628,PJ3029485,9.7,9.7,9.7,1,1,9.7
WE8364628,PK5065395,24.0,24.0,24.0,1,1,24.0
WE8364628,QJ4266622,16.1,16.1,16.1,1,1,16.1
WE8364628,WQ2064597,11.8,11.8,11.8,1,1,11.8
WE8364628,XN5601537,11.4,11.4,11.4,1,1,11.4
WN7254098,DU6507303,18.6,18.6,18.6,1,1,18.6
WN7254098,FA3390892,10.0,10.0,10.0,1,1,10.0
WN7254098,H730482,14.3,14.3,14.3,1,1,14.3
WN7254098,KF3122913,174.6,58.2,111.1,3,3,18.2|45.3|111.1
WQ2064597,CM1719915,21.0,10.5,12.7,2,2,8.3|12.7
WQ2064597,MN8663692,9.2,9.2,9.2,1,1,9.2
WQ2064597,NJ5052929,45.1,15.0,19.1,3,3,12.6|13.4|19.1
WQ2064597,RR7647359,8.9,8.9,8.9,1,1,8.9
WQ2064597,WE8364628,11.8,11.8,11.8,1,1,11.8
WQ2064597,XM6801985,54.8,27.4,32.9,2,2,21.9|32.9
WQ2064597,XN5601537,14.2,14.2,14.2,1,1,14.2
WY8597889,LZ4175191,7.9,7.9,7.9,1,1,7.9
XE5878886,AA4660243,20.5,20.5,20.5,1,1,20.5
XE5878886,MQ2795950,13.1,13.1,13.1,1,1,13.1
XE5878886,PU7133292,20.6,20.6,20.6,1,1,20.6
XE5878886,SX8565439,22.8,22.8,22.8,1,1,22.8
XE5878886,ZC4664618,14.3,14.3,14.3,1,1,14.3
XM2252851,ND9953765,7.2,7.2,7.2,1,1,7.2
XM6801985,WQ2064597,54.8,27.4,32.9,2,2,21.9|32.9
XN5601537,CA6917206,10.7,10.7,10.7,1,1,10.7
XN5601537,CM1719915,18.4,18.4,18.4,1,1,18.4
XN5601537,NJ5052929,19.9,19.9,19.9,1,1,19.9
XN5601537,WE8364628,11.4,11.4,11.4,1,1,11.4
XN5601537,WQ2064597,14.2,14.2,14.2,1,1,14.2
YD1144341,H785506,31.799999999999997,10.6,16.3,3,3,7.4|8.1|16.3
YD1144341,MF2341783,9.2,9.2,9.2,1,1,9.2
YN9747235,PN1916344,37.3,37.3,37.3,1,1,37.3
YN9747235,UH2837130,15.0,15.0,15.0,1,1,15.0
YS7723759,DZ3324070,318.7,53.1,99.1,6,6,11.1|12.4|40.6|65.8|89.7|99.1
YS7723759,JV1677743,16.6,16.6,16.6,1,1,16.6
YS7723759,ZJ6816447,14.8,14.8,14.8,1,1,14.8
YU5311109,ZC4664618,16.6,16.6,16.6,1,1,16.6
YX6435910,BW4687567,20.0,20.0,20.0,1,1,20.0
YX6435910,RE1864482,40.2,40.2,40.2,1,1,40.2
ZC4664618,AA4660243,10.1,10.1,10.1,1,1,10.1
ZC4664618,PU7133292,14.5,14.5,14.5,1,1,14.5
ZC4664618,RQ3004981,8.8,8.8,8.8,1,1,8.8
ZC4664618,SX8565439,14.2,14.2,14.2,1,1,14.2
ZC4664618,XE5878886,14.3,14.3,14.3,1,1,14.3
ZC4664618,YU5311109,16.6,16.6,16.6,1,1,16.6
ZJ6816447,DZ3324070,13.8,13.8,13.8,1,1,13.8
ZJ6816447,JV1677743,13.9,13.9,13.9,1,1,13.9
ZJ6816447,MR3604503,13.2,13.2,13.2,1,1,13.2
ZJ6816447,MZ4429732,19.0,19.0,19.0,1,1,19.0
ZJ6816447,RX7198385,9.0,9.0,9.0,1,1,9.0
ZJ6816447,YS7723759,14.8,14.8,14.8,1,1,14.8
