Id,name,cM,email,overlap,sex,tree,avgSegment,largestSegment,nrOfSegmentsLargestSegment,nrOfSegments,segments,A013751,*YSC,11.7,chris.k.carver@gmail.com,152499,,,11.7,11.7,1,1,11.7
A970098,Adriana Hazelton,33.3,adrianakathleen94@gmail.com,120573,,,16.7,18.1,2,2,15.2|18.1
AA4660243,ZENILDA SAMPAIO,23.1,gcaetano@tjsp.jus.br,421009,,,23.1,23.1,1,1,23.1
AA7353700,*Alexandre Nogueira da Rocha,10.2,alessandra.lnogueira@gmail.com,448712,,,10.2,10.2,1,1,10.2
AB5669375,*Drielly Ramos,33.8,driellyr@icloud.com,458215,,,17.0,22.6,2,2,11.3|22.6
AC6176045,Thais Pedroso,59.4,thaispedroso9@hotmail.com,472222,,,19.8,29.5,3,3,14.2|15.7|29.5
AE5493195,Maricel del Valle Lahis,10.7,kpcarla01@gmail.com,415945,,,10.7,10.7,1,1,10.7
AE9361123,Dalma GimA_nez,11.1,elderaponte4@gmail.com,416136,,,11.1,11.1,1,1,11.1
AJ9465562,Philip Broughton,10.8,philb444@gmail.com,409316,,,10.8,10.8,1,1,10.8
AR1907624,RaA_l Mansilla,11.0,ag23ag@hotmail.com,416124,,,11.0,11.0,1,1,11.0
AS3303913,Davi Rafael de AraA_jo Costa,13.3,davirafael.araujo@gmail.com,416244,,,13.3,13.3,1,1,13.3
AU5834294,Maria Alaide,47.0,nelcyene@msn.com,446982,,,15.7,18.7,3,3,11.8|16.5|18.7
AZ5293254,Bruno Italo Lima Benevides,44.5,brunoitalo123@gmail.com,461292,,,22.3,29.4,2,2,15.1|29.4
BA1417753,*BT,11.3,davidtracy85@gmail.com,136026,,,11.3,11.3,1,1,11.3
BB9334183,*Frank Mata,12.8,teresakhahn@gmail.com,411854,,,12.8,12.8,1,1,12.8
BN1064787,*Vanessa F de Alcantara,21.1,alcantara30@gmail.com,457647,,,21.1,21.1,1,1,21.1
BR1039221,Silvio Martins,28.8,sl044625@gmail.com,458023,,,14.4,15.2,2,2,13.6|15.2
BR5837285,Patricia,18.2,camilamacrii@gmail.com,457957,,,18.2,18.2,1,1,18.2
BR9766030,Michael Martinez,11.7,dallasdude05@yahoo.com,470737,,,11.7,11.7,1,1,11.7
BS1086936,caroline37,10.7,carolinecannet@gmail.com,409854,,,10.7,10.7,1,1,10.7
BT6127138,Alexandra Magalhaes,13.4,alexandrakcm@gmail.com,415019,,,13.4,13.4,1,1,13.4
BU4917319,JosA_ Auton de Carvalho,10.7,edsoncfalves@gmail.com,409851,,,10.7,10.7,1,1,10.7
BU6903562,Maria Teixeira,27.1,calves.caca.32dna@gmail.com,456958,,,27.1,27.1,1,1,27.1
BU9430931,William Diaz,10.1,areyes@pycbim.com,409392,,,10.1,10.1,1,1,10.1
BW4687567,*ALFREDO ARNAUD,19.0,alfred.arnaud@gmail.com,472092,,,19.0,19.0,1,1,19.0
BY1974469,Cristina Severiano,18.4,diegoavlis@hotmail.com,408214,,,18.4,18.4,1,1,18.4
CA1053448,Titus GaA_tan,11.5,shak.wee@hotmail.com,409488,,,11.5,11.5,1,1,11.5
CA6917206,Elenite AssunA_A_o Soares,26.9,dra.maianavieira@gmail.com,471855,,,26.9,26.9,1,1,26.9
CB2029739,*pilimamushka,11.5,pilar271952@gmail.com,409103,,,11.5,11.5,1,1,11.5
CF2504227,*Lulu PF,10.4,alida.madero@gmail.com,409794,,,10.4,10.4,1,1,10.4
CG3721408,Emanuelle SimA_es CorrA_a,29.4,emanuellesimoes@hotmail.com,471823,,,29.4,29.4,1,1,29.4
CL9371801,William Liedner,10.5,william.liedner@hotmail.com,409856,,,10.5,10.5,1,1,10.5
CM1719915,Pedro Arruda,33.3,pedroarruda.ofurtado@gmail.com,155859,,,33.3,33.3,1,1,33.3
CM4811546,MANUELA MARTIN PAREDES,21.1,paredesnathalie@hotmail.com,409621,,,10.6,11.0,2,2,10.2|11.0
CM9853698,Kolton,10.4,britterandluc15@gmail.com,409837,,,10.4,10.4,1,1,10.4
CR8074911,Bruno Rafael Ximenes Marques,18.5,brunorafaelx@gmail.com,404957,,,18.5,18.5,1,1,18.5
CV6809049,Anna Fogde,11.5,soren@boxrec.com,408887,,,11.5,11.5,1,1,11.5
CY8378554,*LilouMC,10.6,julie.alb@hotmail.fr,409688,,,10.6,10.6,1,1,10.6
CZ7495367,*hugo,10.1,hugomidon85@gmail.com,415881,,,10.1,10.1,1,1,10.1
DD7311680,Leslie Diaz Lemus,10.3,burkelandia@gmail.com,416148,,,10.3,10.3,1,1,10.3
DK5517113,Zaddy MuA_oz,11.4,sebastian.faundes@gmail.com,409453,,,11.4,11.4,1,1,11.4
DN5895999,Bruno Gustavo Moreira de Brito,48.1,brunogustavomb@gmail.com,471830,,,16.0,21.5,3,3,10.6|16.0|21.5
DR2514838,Richard Geraldino,10.5,geraldino1102@hotmail.com,409783,,,10.5,10.5,1,1,10.5
DU6507303,Joaquim Manoel Damasceno,22.6,joaquimdamasceno@sapo.pt,409671,,,22.6,22.6,1,1,22.6
DU8536855,Brandon McClure,11.3,padude28@gmail.com,409979,,,11.3,11.3,1,1,11.3
DU9699094,Francimary Lima,31.9,rarison@gmail.com,471729,,,16.0,19.8,2,2,12.2|19.8
DZ1119494,*HCMSSA,14.9,vedder.neo@gmail.com,409761,,,14.9,14.9,1,1,14.9
DZ3324070,*Eudes Gomes,45.3,dmo_oliveira@hotmail.com,472213,,,15.1,19.4,3,3,10.9|15.0|19.4
EA4739653,JULIANO BRAGA BUENO DE PAULA,75.8,julianobbueno@gmail.com,462943,,,25.2,44.8,3,3,13.1|17.8|44.8
EB1930440,AntA_nio Melo MourA_o Neto,23.6,amelomourao@hotmail.com,458491,,,11.8,12.1,2,2,11.5|12.1
ED9601621,Niall Horn,10.4,niall.horn@btopenworld.com,410133,,,10.4,10.4,1,1,10.4
EF1137471,*Rdr,30.0,igor.magalhaes.r@gmail.com,472193,,,30.0,30.0,1,1,30.0
EF4017072,*Eivindur,14.4,eivindur88@gmail.com,408484,,,14.4,14.4,1,1,14.4
EF5507767,Josephine Henschel,10.7,josephineluisahenschel@gmail.com,409591,,,10.7,10.7,1,1,10.7
EP9328148,*Luana,12.9,luanagomesales@gmail.com,471692,,,12.9,12.9,1,1,12.9
ES6389290,*JC,11.1,vtaylorphd@gmail.com,414789,,,11.1,11.1,1,1,11.1
ES9902591,Terezinha Frederico Mendes,61.3,rarison@gmail.com,461341,,,30.7,39.9,2,2,21.4|39.9
EU6292694,Rodrigo Gradowski Adeodato,18.3,rodrigoadeodato@gmail.com,471366,,,18.3,18.3,1,1,18.3
EX7497238,Ineza Grabowska,22.6,ingraydotcom@gmail.com,409968,,,11.3,12.1,2,2,10.5|12.1
EY1369812,AndrA_ Oliveira,45.6,andreoliveira804@gmail.com,461342,,,22.9,30.4,2,2,15.3|30.4
FA3390892,William Jenkins,11.7,gemmadudfield@live.co.uk,409742,,,11.7,11.7,1,1,11.7
FC9002928,MarA_a Yolanda Cruz,13.3,yolicast@hotmail.com,416171,,,13.3,13.3,1,1,13.3
FD3256163,Glen Wilfred Vaughn,10.0,kd6nzw@gmail.com,414744,,,10.0,10.0,1,1,10.0
FF9893358,JoA_o Ferreira Silva Junior,26.7,jjunior39@yahoo.com.br,412483,,,13.3,16.4,2,2,10.2|16.4
FL1783917,*DVS,10.0,veigasierra@gmail.com,408924,,,10.0,10.0,1,1,10.0
FL6219898,Ariadna,10.9,ariadnabsg@hotmail.com,409666,,,10.9,10.9,1,1,10.9
FL9450242,LS Hensley,11.9,carolynsuehunt@gmail.com,409759,,,11.9,11.9,1,1,11.9
FN7276302,*AlciraM,12.5,carla.ferreira7488@gmail.com,416073,,,12.5,12.5,1,1,12.5
FN9935366,*Frederick,11.1,gisela@borawski.net,416086,,,11.1,11.1,1,1,11.1
FQ3778441,Anderson,10.9,carlomagno4321@outlook.es,409223,,,10.9,10.9,1,1,10.9
FQ7892086,Jaroslav Hosek,10.4,jar.hos@seznam.cz,409585,,,10.4,10.4,1,1,10.4
FR7494431,Maria Carolina Sampaio,32.0,fesafi1@hotmail.com,461615,,,32.0,32.0,1,1,32.0
FS2075397,N P,10.8,polakovanatalia016@gmail.com,409799,,,10.8,10.8,1,1,10.8
FS6329961,Magdalena Romero,10.7,kitsadministrados@nuestraprimerapagina.org,415996,,,10.7,10.7,1,1,10.7
FU1026249,Breno,24.4,brenonovaesbraga@gmail.com,409780,,,24.4,24.4,1,1,24.4
G004964,Elijah Sheetz,11.2,edrsheetz.beta@mail.com,153283,,,11.2,11.2,1,1,11.2
GA8066973,Atakan ORMANCI,10.2,godogocatakan@gmail.com,409217,,,10.2,10.2,1,1,10.2
GK4821153,ROLLAND,11.2,rollandaudrey07@gmail.com,409774,,,11.2,11.2,1,1,11.2
GL4693874,*Zully Sanchez,10.4,suzyaliciavanoppen@gmail.com,415459,,,10.4,10.4,1,1,10.4
GM1793577,*cal,11.0,camilla.landboe@gmail.com,408923,,,11.0,11.0,1,1,11.0
GP8815350,*Herta,31.7,lamalebo@gmail.com,409618,,,10.6,10.8,3,3,10.2|10.7|10.8
GQ7897158,*AnalogAndroid,17.4,jregi002@odu.edu,471343,,,17.4,17.4,1,1,17.4
GV9868977,Peter Varrie,10.8,prvarrie@gmail.com,409906,,,10.8,10.8,1,1,10.8
H009002,rosa bezerra,42.3,lizzykatze@yahoo.com,152802,,,21.2,29.0,2,2,13.3|29.0
H084613,*Bezerra,19.6,mabferreiraa@hotmail.com,147898,,,19.6,19.6,1,1,19.6
H392952,osvaldo martins junior,68.0,lizzykatze@yahoo.com,153574,,,17.0,29.0,4,4,10.5|13.5|15.1|29.0
H558238,lizzy katze,28.3,lizzykatze@yahoo.com,153647,,,14.2,14.8,2,2,13.5|14.8
H730482,*hamidbravos,47.4,hugohamid3@gmail.com,148668,,,15.8,19.0,3,3,11.7|16.7|19.0
H785506,*Odelice de Mesquita,34.1,savioonofre@hotmail.com,148955,,,34.1,34.1,1,1,34.1
HF1596273,Carlo Chiancone,10.8,carlochiancone@icloud.com,408887,,,10.8,10.8,1,1,10.8
HJ4444630,Veronica Perez,10.8,veroperezb@yahoo.com,415908,,,10.8,10.8,1,1,10.8
HM4068615,*JosA_ Soares,27.7,luzilania@hotmail.com,472099,,,13.8,15.9,2,2,11.7|15.9
HM7424015,Niklaus Palmeira,11.0,sdoubell@jeppeboys.co.za,409789,,,11.0,11.0,1,1,11.0
HN1986411,Anita,18.0,prvmesquita@hotmail.com,472188,,,18.0,18.0,1,1,18.0
HN2947011,Vanderson Macedo,44.8,vandersonmde40@gmail.com,402021,,,14.9,20.8,3,3,10.8|13.2|20.8
HS8531405,Birgitta A_stlund,14.3,runhall.lab@outlook.com,409738,,,14.3,14.3,1,1,14.3
HU1594100,Grasiela Azevedo Rocha,17.1,grasiedesro@gmail.com,409787,,,17.1,17.1,1,1,17.1
JA6699009,*O R M,11.8,yamandu.sume@gmail.com,414485,,,11.8,11.8,1,1,11.8
JA9462260,FranA_ois Petitgirard,17.8,vladimir.maracanau@outlook.com,409458,,,17.8,17.8,1,1,17.8
JC6951708,*JV,12.1,jose.vicente@terra.com.br,409524,,,12.1,12.1,1,1,12.1
JE1427658,Nagorni,10.3,nagorni16@gmail.com,409425,,,10.3,10.3,1,1,10.3
JE5085754,Andre Matheus de Jesus Costa,10.2,costaandre@me.com,408540,,,10.2,10.2,1,1,10.2
JH062228C1,Maria Auxiliadora de Oliveira,10.2,genealogiageneticadna@gmail.com,408087,,,10.2,10.2,1,1,10.2
JK6520919,*ULH,10.9,afaldrabecus@gmx.de,409729,,,10.9,10.9,1,1,10.9
JM8245273,Cristovina Nascimento Vasconcelos,10.3,familiassergipanas@gmail.com,408108,,,10.3,10.3,1,1,10.3
JQ2782482,Guillermo Diaz Lara,11.5,burkelandia@gmail.com,415647,,,11.5,11.5,1,1,11.5
JR2958127,Neusa,21.8,michele.cadastro@yahoo.com.br,416191,,,10.9,11.0,2,2,10.7|11.0
JV1677743,Marlene Oliveira,23.2,davisaldanha@msn.com,416015,,,23.2,23.2,1,1,23.2
JV3775936,*Artur,10.3,osgilat17@gmail.com,409838,,,10.3,10.3,1,1,10.3
JZ2913055,Marcel Santos,10.3,marcel.cel@hotmail.com,409823,,,10.3,10.3,1,1,10.3
KA7981720,Lucas Mesquita,23.0,lucas.lopes.mesquita@gmail.com,471734,,,23.0,23.0,1,1,23.0
KC7743089,Madeleine Housselle,10.2,hc@hcscherzer.de,409396,,,10.2,10.2,1,1,10.2
KE6302165,*Mitchell Dupre,10.8,labmitch@hotmail.com,409579,,,10.8,10.8,1,1,10.8
KF3122913,*Chico,28.1,andrepprof@gmail.com,416359,,,14.1,17.9,2,2,10.3|17.9
KW3090986,*Mechi,10.2,ancestros1982@gmail.com,415787,,,10.2,10.2,1,1,10.2
LA9792555,Henrique Demetrio,10.7,henriquedps2008@hotmail.com,408705,,,10.7,10.7,1,1,10.7
LD1731768,Schatz Nadia,11.3,gachecanie@yahoo.fr,409500,,,11.3,11.3,1,1,11.3
LE9665732,*Luklos,10.5,tuynman@yahoo.com,409893,,,10.5,10.5,1,1,10.5
LG1868325,Yerlan,10.9,y2284346591@sina.com,134310,,,10.9,10.9,1,1,10.9
LG1923139,VinA_cius Lima,59.2,vinivini72@hotmail.com,472020,,,19.7,28.8,3,3,14.3|16.0|28.8
LJ3656351,*BoA_ena LounkovA_,17.1,vesela.hana.ji@seznam.cz,409877,,,17.1,17.1,1,1,17.1
LZ4175191,Cirot Alexia,11.1,leaxia@live.fr,409839,,,11.1,11.1,1,1,11.1
LZ6861110,Sara Andersson,10.6,sara.e.andersson@live.se,416082,,,10.6,10.6,1,1,10.6
LZ9243791,*PlA_nio Lopes,10.6,pliniolpl@gmail.com,408865,,,10.6,10.6,1,1,10.6
M094423,TJ Silva,10.5,avsilva34@att.net,169625,,,10.5,10.5,1,1,10.5
M531719,Sarah Broadbent,10.9,sarah.broadbent1@gmail.com,169476,,,10.9,10.9,1,1,10.9
M700991,Yone Johnson,28.0,yonejohnson@gmail.com,167904,,,28.0,28.0,1,1,28.0
MB8373612,*Pablo,11.3,jfacundo.aguero@gmail.com,409191,,,11.3,11.3,1,1,11.3
MF2341783,Maria JosA_ Albuquerque,10.9,rabelodias@hotmail.com,459404,,,10.9,10.9,1,1,10.9
MN8663692,scott aikens,22.5,orbitalnoise@gmail.com,409807,,,11.3,12.3,2,2,10.2|12.3
MN9906269,*VG,11.1,genscan@tds.net,414516,,,11.1,11.1,1,1,11.1
MQ2795950,Hitala Mayane Moraes Siqueira,14.1,hitalasiqueira@gmail.com,422738,,,14.1,14.1,1,1,14.1
MQ7596437,Christine Lincoln-Ross,10.7,cross_genealogy@sbcglobal.net,409897,,,10.7,10.7,1,1,10.7
MR3604503,Maria Auxiliadora Andrade de Oliveira,32.4,andrade.meudna@gmail.com,472072,,,16.2,21.2,2,2,11.2|21.2
MY5835043,Fernanda Pinheiro Monteiro,26.6,fer.misao@hotmail.com,472139,,,26.6,26.6,1,1,26.6
MZ1901221,Luis Angel B,10.9,valerie@dnadigger.com,415997,,,10.9,10.9,1,1,10.9
MZ4429732,Cecilia Fernandes,44.3,mabferreiraa@hotmail.com,150669,,,22.2,24.5,2,2,19.8|24.5
NA3427728,Luisa Dantas,10.8,giulliano_alves@yahoo.com.br,416228,,,10.8,10.8,1,1,10.8
NA9400154,*Joshsepe,26.8,joshsepe@gmail.com,409909,,,13.4,16.3,2,2,10.5|16.3
NC3863023,Isabel Vera,10.3,apontegenealogista@gmail.com,413539,,,10.3,10.3,1,1,10.3
NC4214655,Caio Cesar Espirito Santo Silva,10.6,caiosantossp@gmail.com,409049,,,10.6,10.6,1,1,10.6
ND9953765,MarA_a Leonor Garrido,10.6,monicacebal@gmail.com,409787,,,10.6,10.6,1,1,10.6
NJ5052929,Jessica,68.3,jessicaemfarias@gmail.com,413116,,,22.8,38.4,3,3,14.8|15.1|38.4
NQ8694073,Kevin Johansson,10.2,kevinjohansson0424@gmail.com,409534,,,10.2,10.2,1,1,10.2
NV3446329,*Arab,10.1,miguelguerramena@gmail.com,409830,,,10.1,10.1,1,1,10.1
NV6106047,*Raimunda Aguiar,20.6,ray.albuquerque0309@gmail.com,471815,,,20.6,20.6,1,1,20.6
NW5708233,Valdir Ferreira dos Santos,14.7,danyellerycherlane@hotmail.com,472229,,,14.7,14.7,1,1,14.7
NW9049581,*TMB,10.0,freconfarmer@protonmail.com,409577,,,10.0,10.0,1,1,10.0
PD3308203,Raul Caio de Mesquita Oliveira,30.2,Raulcmo@hotmail.com,143966,,,15.1,16.1,2,2,14.1|16.1
PH3250329,Eduardo,11.4,edu-mcf@hotmail.com,416452,,,11.4,11.4,1,1,11.4
PH6755422,*Sissi,33.2,jaredtuga@outlook.pt,409303,,,16.7,16.8,2,2,16.5|16.8
PH7856481,Rhonda Clayton,11.6,zaneyc81@hotmail.com,409703,,,11.6,11.6,1,1,11.6
PJ3029485,AntA_nio Dantas,24.4,bernardorita072@gmail.com,342311,,,12.2,12.8,2,2,11.6|12.8
PJ6242099,Norma Graciela Vera,10.2,jonatan.ezequiel.rodriguez@gmail.com,409681,,,10.2,10.2,1,1,10.2
PJ7823616,Rildeniro Medeiros,15.5,rilder@me.com,416224,,,15.5,15.5,1,1,15.5
PK5065395,*Thiago M,32.7,thiagomedan@gmail.com,472097,,,16.4,16.8,2,2,15.9|16.8
PM7216262,Hannu,13.3,hannu.kariniemi@gmail.com,409511,,,13.3,13.3,1,1,13.3
PN1916344,Wiana,34.4,wiana_aguiar@hotmail.com,461481,,,17.2,20.4,2,2,14.0|20.4
PN7703720,*Caro,10.4,cmgarciasalicioni@gmail.com,415475,,,10.4,10.4,1,1,10.4
PQ1508205,Angela Chal,10.9,echalkias@gmail.com,409368,,,10.9,10.9,1,1,10.9
PQ2135061,nephiteri sancho,20.8,ebjsancho@icloud.com,409733,,,10.4,10.5,2,2,10.3|10.5
PU7133292,Alessandro Darci GonA_alves Alves Lima,23.1,alessandrolimadarci@gmail.com,419488,,,23.1,23.1,1,1,23.1
PV8831496,D Sch,10.4,ottosen.da@gmail.com,408929,,,10.4,10.4,1,1,10.4
PV9566252,EstA_vA_o OlA_mpio Silveira de Queiroga,26.9,estevao.q@gmail.com,472055,,,26.9,26.9,1,1,26.9
PW5917477,Shirley Smith,14.0,kickz360@yahoo.com,409801,,,14.0,14.0,1,1,14.0
PZ7780839,Alessandra Carneiro,30.5,jansin09@gmail.com,472210,,,15.3,18.4,2,2,12.1|18.4
QB6170951,Francisco Ferreira Jorge Junior,29.0,francisco.ferreira.jj@gmail.com,472263,,,14.5,15.2,2,2,13.8|15.2
QC7717943,Smail Bourazza,11.2,smail.bourazza@gmail.com,410121,,,11.2,11.2,1,1,11.2
QG3796212,Adriana Saldana Orsi,11.4,orsiidalia@hotmail.com,409208,,,11.4,11.4,1,1,11.4
QG5706844,*AJM,10.2,ajmasterson1@gmail.com,409833,,,10.2,10.2,1,1,10.2
QG8966873,*Andres Carrillo,10.8,giampersa@yahoo.com,409912,,,10.8,10.8,1,1,10.8
QJ4266622,*T_Matos,34.6,adrianakathleen94@gmail.com,140805,,,17.3,19.4,2,2,15.2|19.4
QL5160992,Sarah Murray,10.1,francescasims4250@gmail.com,409641,,,10.1,10.1,1,1,10.1
QP3050350,*E F Dagg,10.3,jccconroy@gmail.com,414932,,,10.3,10.3,1,1,10.3
QP7829736,*odolan,10.6,dolanmgd@verizon.net,414978,,,10.6,10.6,1,1,10.6
QR2370113,Leo Coreau Ceara,21.5,leodna@outlook.pt,418862,,,21.5,21.5,1,1,21.5
QR7508457,Alexandrina Maria de Lima,13.3,izabel.sreis@hotmail.com,409916,,,13.3,13.3,1,1,13.3
QR7913507,BRISA SOARES,18.5,brisaborges@hotmail.com,415835,,,18.5,18.5,1,1,18.5
QU1793553,*Teresa,38.1,teresacb@gmail.com,406664,,,19.1,26.8,2,2,11.3|26.8
QZ5812990,Carina Bazan,11.1,clarapetra@gmail.com,414939,,,11.1,11.1,1,1,11.1
QZ6576089,Lucimara Menezes de Jesus Santos,20.1,luci_mara_18@hotmail.com,416246,,,20.1,20.1,1,1,20.1
RD6594841,Maria de Jesus Santos,11.6,maria.jes20@gmail.com,415733,,,11.6,11.6,1,1,11.6
RE1864482,Joaquim Teixeira Dantas,27.6,marcosantonio.dantas71@gmail.com,415627,,,27.6,27.6,1,1,27.6
RH2625517,Sebastian Ruff,11.0,ruff.sebastian@gmail.com,409870,,,11.0,11.0,1,1,11.0
RL1801955,*Vicente Suarez,10.7,vsuarezrosselli@gmail.com,409860,,,10.7,10.7,1,1,10.7
RP1706725,Olinda Forsythe,11.2,027betz@gmail.com,409776,,,11.2,11.2,1,1,11.2
RQ3004981,William S Gregory,12.1,bomcdani@yahoo.com,415955,,,12.1,12.1,1,1,12.1
RR7647359,L Bradley Green,21.0,niknodder@gmail.com,409334,,,10.5,10.6,2,2,10.4|10.6
RV6991016,Maria dos Remedios GonA_alves Casimiro,15.2,eng.artur.goncalves@gmail.com,460666,,,15.2,15.2,1,1,15.2
RX7198385,*Liana Karolina,25.7,gustavoxaviercontato@gmail.com,472169,,,12.9,15.5,2,2,10.2|15.5
RZ1110541,SA_ren Freiheit,11.1,soren@boxrec.com,409912,,,11.1,11.1,1,1,11.1
SJ6530807,Lucrecia Noltorp,13.4,luki_77@hotmail.com,143862,,,13.4,13.4,1,1,13.4
SX8565439,Raul Rodrigues de Souza,57.7,raularah123@gmail.com,423763,,,28.9,30.2,2,2,27.5|30.2
SX8950575,Marie-Claire Posadas,10.5,enguerrand.bernalgarces@gmail.com,409888,,,10.5,10.5,1,1,10.5
SZ8693415,Maria Prigodich,11.2,radkevich.d.b@gmail.com,409893,,,11.2,11.2,1,1,11.2
TB3345585,Roberto Luiz Dias Florencio,10.1,robertoluiz2012@gmail.com,416179,,,10.1,10.1,1,1,10.1
TD6363873,Linda Jewell Jones,10.0,ljones3939@gmail.com,409714,,,10.0,10.0,1,1,10.0
TG8587510,maria dominguez,12.0,edmondancona@gmail.com,409807,,,12.0,12.0,1,1,12.0
TU9431032,pam,12.1,dmiaco@yahoo.com,409095,,,12.1,12.1,1,1,12.1
TV1707505,Matheus,14.3,matheusinhobarroso97@gmail.com,409972,,,14.3,14.3,1,1,14.3
TX8786435,*Anna,10.2,veroshka111@gmail.com,409565,,,10.2,10.2,1,1,10.2
TY7027398,GaldA_ncio Leorne Silva Neto,25.0,enroel@yahoo.com.br,409680,,,25.0,25.0,1,1,25.0
TZ4403095,*David Regis MejA_a,11.7,davreme@yahoo.com.mx,409378,,,11.7,11.7,1,1,11.7
UD6430753,Laura Nerci Pereira,11.0,flavio-carvalho@outlook.com,408882,,,11.0,11.0,1,1,11.0
UH2837130,Fernanda Rodrigues AraA_jo,45.1,lojandbrand@outlook.com,461740,,,22.6,28.6,2,2,16.5|28.6
UL6845100,Ester Guedes De Medeiros,13.4,eduardocesar.santoslima@gmail.com,409016,,,13.4,13.4,1,1,13.4
UN9294300,*C Stavenow,10.1,ast@stavenowadvokat.se,416066,,,10.1,10.1,1,1,10.1
UQ6967219,Leonardo R,16.3,lsampaiorocha@gmail.com,407687,,,16.3,16.3,1,1,16.3
UU3740089,Rafael Reyes,11.1,rafael.reyes@mail.yu.edu,412717,,,11.1,11.1,1,1,11.1
UV1732707,Juliana FA_lix Gomes AraA_jo Montenegro,26.5,july_felix@hotmail.com,472165,,,13.3,15.4,2,2,11.1|15.4
UX9847570,Isilda,10.9,andreiafilipa192@hotmail.com,409441,,,10.9,10.9,1,1,10.9
UZ7055365,*Bianca Rodrigues,20.1,bianca.rodrigues1982@gmail.com,470375,,,20.1,20.1,1,1,20.1
WA6026935,jonathan,10.4,jmenneray01@gmail.com,409898,,,10.4,10.4,1,1,10.4
WB1704516,vicky,11.1,koplowitzv@gmail.com,143961,,,11.1,11.1,1,1,11.1
WE8364628,Arthur Gael Marques Albuquerque,40.9,prof.andrehenrique@gmail.com,400843,,,13.6,16.8,3,3,10.6|13.4|16.8
WG8789188,Rafael A Arias Ugarte,11.1,rafael.arias.u@gmail.com,408923,,,11.1,11.1,1,1,11.1
WH8855324,Alix Bibiana Nieto ChivatA_,11.5,gedmatch@cliogenealogy.com,409398,,,11.5,11.5,1,1,11.5
WM6688912,*nayara da cunha queiroz,17.7,contato@nayaraqueiroz.adv.br,472266,,,17.7,17.7,1,1,17.7
WN6562407,Paula,10.1,paulitag86@gmail.com,409923,,,10.1,10.1,1,1,10.1
WN7254098,*Elisa de Farias,27.8,andrepprof@gmail.com,472146,,,13.9,17.5,2,2,10.3|17.5
WP3882215,Pedro Sanhueza,11.9,tenolandia@gmail.com,409571,,,11.9,11.9,1,1,11.9
WQ2064597,Carlos Machado,30.2,betolosuk@gmail.com,409211,,,15.1,15.3,2,2,14.9|15.3
WY8597889,*AVG,15.1,mikigpp@gmail.com,409766,,,15.1,15.1,1,1,15.1
WZ2203426,Andreia de Oliveira Sousa,27.2,leofeijo99@gmail.com,409343,,,13.7,14.0,2,2,13.3|14.0
WZ6884169,*McSamson,10.5,vadym.sem18@gmail.com,409891,,,10.5,10.5,1,1,10.5
XE5878886,Victor Rapchan,25.9,victorrapchan@hotmail.com,472099,,,25.9,25.9,1,1,25.9
XH5584206,Maria das GraA_as Sousa dos Anjos,13.7,Anjo.girl.18@gmail.com,408527,,,13.7,13.7,1,1,13.7
XM2252851,*EG,10.3,bo.mihaylova@gmail.com,409918,,,10.3,10.3,1,1,10.3
XM6801985,Fabio Portela Barroso,11.4,portella.fabio@gmail.com,409867,,,11.4,11.4,1,1,11.4
XN5601537,Samuel Mesquita,19.9,projetodna@outlook.pt,408036,,,19.9,19.9,1,1,19.9
XR4376063,Santiago Lezcano,10.6,rocio.florencia95@gmail.com,409813,,,10.6,10.6,1,1,10.6
XU4446735,Sarah Jobmann,11.1,sarahjobmann@icloud.com,409667,,,11.1,11.1,1,1,11.1
XV7195388,*R Viana Lima,19.9,anaplima360@gmail.com,471702,,,19.9,19.9,1,1,19.9
XX7496952,Hrudkova Romana,10.7,hf2@email.cz,416170,,,10.7,10.7,1,1,10.7
XX8952628,*paulo,36.2,pranoronha@gmail.com,460383,,,18.1,25.1,2,2,11.1|25.1
XZ7829426,*Finny Ochoa,10.6,finnyochoa@outlook.com,409696,,,10.6,10.6,1,1,10.6
YD1144341,Kennedy Vasconcelos,13.0,kennedyvasconcelos@hotmail.com,462841,,,13.0,13.0,1,1,13.0
YE6239718,Brian Taylor,10.3,brian.taylor@sodertornsplat.se,409075,,,10.3,10.3,1,1,10.3
YM3211701,Marilde,12.9,marildechaves@bol.com.br,409747,,,12.9,12.9,1,1,12.9
YN9747235,*RAIMUNDINHA,20.1,tvora@terra.com.br,409257,,,20.1,20.1,1,1,20.1
YQ6217490,Rolf,11.1,Virre.b@hotmail.com,416059,,,11.1,11.1,1,1,11.1
YS7723759,Vito Gomes,30.4,dmo_oliveira@hotmail.com,415936,,,15.3,19.4,2,2,11.1|19.4
YS8110126,*ANDRES ALCALA,10.2,alco1980@yahoo.com,409880,,,10.2,10.2,1,1,10.2
YU5311109,BRUNO LEONARDO SILVA,41.8,bru.leonardo98@gmail.com,420039,,,20.9,31.7,2,2,10.1|31.7
YX6435910,RogA_rio Teixeira Luz,27.3,rogerioteixeiraluz@gmail.com,409821,,,27.3,27.3,1,1,27.3
ZC4664618,JoA_o Pedro Alves,36.5,edsoncfalves@gmail.com,472197,,,18.3,22.4,2,2,14.2|22.4
ZJ2331554,*Ann K,10.3,landru86@gmail.com,416201,,,10.3,10.3,1,1,10.3
ZJ6816447,Juliana Delgado Brilhante,31.3,paulokledson@hotmail.com,468271,,,15.7,16.3,2,2,15.0|16.3
ZP2238141,Geoffrey Ryan Jones,10.0,gwj1946@me.com,409581,,,10.0,10.0,1,1,10.0
ZZ1916170,Pedro RA_gis da Silva Filho,25.7,hercilioneto_@hotmail.com,471607,,,25.7,25.7,1,1,25.7
